,Patient0,Patient1,Patient2,Patient3,Patient4,Patient5
Doctor0,9576.7021484375,9168.155029296875,9590.81591796875,9645.857421875,9584.898193359375,8859.198974609375
