,Patient0,Patient1,Patient2,Patient3,Patient4
Doctor0,9617.39208984375,9603.123046875,9692.767578125,9597.707275390625,3385.712890625
