,Patient0,Patient1
Doctor0,9523.122802734375,4172.36474609375
